variable	estimate	std_error	z_value	pr_z
(Intercept)	-5.581145298033144	0.336702410631822	-16.575899434637627	1.0409372289935885e-61
wordrank	0.20956689305790482	0.08273502428637332	2.532988838348852	0.011309455400672783
