onco	y	color	n	mean	sd	l95	u95
FALSE	1	#9959E1	1955	58.59079283887468	130.79708129803782	52.79286557045147	64.38872010729789
TRUE	2	#66A61E	139	11.172661870503598	27.941690854181267	6.527579986166603	15.817743754840592
