variable	estimate	std_error	z_value	pr_z
(Intercept)	-4.346102122422232	0.05762955556978677	-75.41446536333773	0
placeboTRUE	0.18927032183040737	0.10791766269460795	1.7538400768187148	0.07945791376299528
