variable	estimate	std_error	t_value	pr_t
(Intercept)	3.1358160367498047	0.17534878714263538	17.883306111487457	6.865959296608088e-62
max_severity	-1.135308634435006	0.30507163580252267	-3.721449329264776	2.0968913728941174e-4
