variable	estimate	std_error	z_value	pr_z
(Intercept)	-1.8607782882877213	0.01566016126712115	-118.82242184788134	0
max_severity	-1.2637938241942064	0.028848302811280972	-43.80825563505964	0
sim_assocTRUE	-0.5607416012329308	0.13509803164527942	-4.150627469578859	3.3156504904223e-5
max_severity:sim_assocTRUE	2.2221686524600313	0.2237427369823481	9.931802401413131	3.027331326932339e-23
