variable	estimate	std_error	z_value	pr_z
(Intercept)	-4.206720564564404	0.09433182086236597	-44.59492593387107	0
numfreq	2.008035721387622	0.37321990674306554	5.380301760725767	7.436108494605114e-8
