gensup	n	proportion
FALSE	1706	0.8559959859508279
TRUE	287	0.1440040140491721
