disp	require_insight	remove_simindic	y	or	or_l95	or_u95	p	sim_obs	sim_not	dis_obs	dis_not	n_rows
no filters	FALSE	FALSE	4	2.324930909002172	2.1588804483916926	2.5009490555335376	7.084276775105141e-93	829	6255	63652	1116562	1187298
require studied genetically	TRUE	FALSE	3	2.063106629166999	1.914545590403275	2.2209780775758636	5.908000918437098e-70	819	6209	44656	698457	750141
remove similar indications	FALSE	TRUE	2	2.228427796938542	2.063515036012747	2.4040058709695664	1.0171751580130842e-78	765	6045	63338	1115376	1185524
both	TRUE	TRUE	1	1.9774520517894898	1.8297644274671068	2.134606130977896	2.6155200133939148e-58	755	5999	44386	697399	748539
