label	assoctable	setable	or	or_l95	or_u95	p	sim_obs	sim_not	dis_obs	dis_not	n_rows	y
IntOGen all	assoc_intogen	sider_ses	0.5924460373320931	0.34201011927075975	0.9595078639655082	0.0312734913937667	17	447	45124	702951	748539	5
IntOGen oncology	assoc_intogen	sider_onco_ses	3.0203879054988194	1.7352947732887118	4.922075031031683	1.0640653968290093e-4	17	441	834	65349	66641	4
IntOGen non-oncology	assoc_intogen	sider_nononco_ses	0	0	12.227484299601679	1	0	6	44290	637602	681898	3
germline oncology	assoc_non_intogen	sider_onco_ses	9.307069129925289	4.916633031033537	16.328397952698296	1.8839680551567033e-9	14	118	837	65672	66641	2
germline non-oncology	assoc_non_intogen	sider_nononco_ses	1.9251617425959189	1.7779613046854494	2.0819827487472478	6.063213755030972e-52	724	5457	43566	632151	681898	1
