variable	estimate	std_error	z_value	pr_z
(Intercept)	-6.147517996154089	0.46067916829009514	-13.34446708100967	1.275796641791015e-40
wordrank	0.4519282857115097	0.14509880275984305	3.1146244980360622	0.0018417921281110375
