variable	estimate	std_error	z_value	pr_z
(Intercept)	-4.346102122417983	0.05762955556979114	-75.4144653632583	0
placeboTRUE	0.1892703218297965	0.10791766269473804	1.7538400768109401	0.07945791376432788
