label	assoctable	setable	or	or_l95	or_u95	p	sim_obs	sim_not	dis_obs	dis_not	n_rows	y
all	assoc	sider_ses	1.9774520517864982	1.8297644274671068	2.134606130977896	2.6155200133939165e-58	755	5999	44386	697399	748539	7
OMIM	assoc_omim	sider_ses	1.5770582978220946	1.1619211275679742	2.1006943715824717	0.003361895276894945	52	514	45089	702884	748539	6
IntOGen oncology	assoc_intogen	sider_onco_ses	3.0203879054988194	1.7352947732887118	4.922075031031683	1.0640653968290093e-4	17	441	834	65349	66641	5
GWAS	assoc_gwas	sider_ses	2.1475089269686864	1.9799336862160435	2.3263891836158943	1.2880246726540858e-65	696	5092	44445	698306	748539	4
OTG	assoc_otg	sider_ses	2.180175749830458	2.007528238077432	2.36470980123961	6.759420765419314e-66	676	4871	44465	698527	748539	3
PICCOLO	assoc_piccolo	sider_ses	1.9188380936592162	1.3908096483055128	2.5948871825175757	7.541782365165662e-5	48	390	45093	703008	748539	2
Genebass	assoc_genebass	sider_ses	1.303203674404089	0.8213078061591553	1.9786330379768724	0.23136432885227715	24	287	45117	703111	748539	1
