variable	estimate	std_error	z_value	pr_z
(Intercept)	-4.206720564564597	0.09433182086237643	-44.59492593386816	0
numfreq	2.0080357213875404	0.3732199067430831	5.380301760725295	7.436108494624596e-8
