labels	min	max	mean	l95	u95	ntot	numerator	denominator	fracdisp	y
very rare	0.9	1.1	1.185284815208392	0.24288776152888408	3.5014837273903225	748539	3	281	3/281	7
rare	1.9	2.1	0.755445028467144	0.4120410781895451	1.2713803204477443	748539	14	2048	14/2,048	6
uncommon	2.9	3.1	1.198912311431704	0.5154455901280726	2.376226718813199	748539	8	741	8/741	5
infrequent	3.9	4.1	0.995781632562007	0.6363878797250444	1.4862387941005992	748539	24	2671	24/2,671	4
common	4.9	5.1	2.893813800688301	1.5291719451689119	4.998226276358674	748539	13	507	13/507	3
frequent	5.9	6.1	1.2097229070807292	0.39078012751084823	2.8452993557262785	748539	5	459	5/459	2
very common	6.9	7.1	4.708536818882993	0.947954245024547	14.342081197640468	748539	3	73	3/73	1
