variable	estimate	std_error	t_value	pr_t
(Intercept)	3.135816036749808	0.17534878714263566	17.883306111487446	6.865959296609267e-62
max_severity	-1.13530863443501	0.3050716358025232	-3.7214493292647823	0.00020968913728940661
