gensup	n	obs	baserate	proportion
FALSE	948546	52682	0.05553974187862265	0.7989114779945725
TRUE	238752	11799	0.049419481302774425	0.20108852200542746
