label	assoctable	setable	or	or_l95	or_u95	p	sim_obs	sim_not	dis_obs	dis_not	n_rows	y
all	assoc	sider_ses	1.9774520517894898	1.8297644274671068	2.134606130977896	2.6155200133939148e-58	755	5999	44386	697399	748539	7
OMIM	assoc_omim	sider_ses	1.5770582978242689	1.1619211275679742	2.1006943715824717	0.003361895276894946	52	514	45089	702884	748539	6
IntOGen oncology	assoc_intogen	sider_onco_ses	3.0203879054950264	1.735294773288712	4.922075031031683	1.0640653968290096e-4	17	441	834	65349	66641	5
GWAS	assoc_gwas	sider_ses	2.1475089269694783	1.979933686216044	2.3263891836158943	1.2880246726540856e-65	696	5092	44445	698306	748539	4
OTG	assoc_otg	sider_ses	2.18017574982785	2.0075282380773136	2.36470980123961	6.759420765419314e-66	676	4871	44465	698527	748539	3
PICCOLO	assoc_piccolo	sider_ses	1.9188380936590388	1.3908096483055128	2.5948871825221387	7.541782365165658e-5	48	390	45093	703008	748539	2
Genebass	assoc_genebass	sider_ses	1.3032036743943674	0.8213078061597685	1.9786330379774135	0.2313643288522771	24	287	45117	703111	748539	1
