variable	estimate	std_error	z_value	pr_z
(Intercept)	-4.206720564564406	0.09433182086236598	-44.59492593387108	0
numfreq	2.0080357213876243	0.3732199067430651	5.3803017607257795	7.436108494604599e-8
